pair_id,event_contract,expiration_date,quantity,yes_price,no_price,pair_time
1NDB3KC1V1800,CACPI_0425_1.9,2025-05-20T07:30:00-05:00,10,0.22,0.79,2025-05-19T16:18:08.818808767-05:00
1NDB3KE9B1800,CACPI_0425_1.7,2025-05-20T07:30:00-05:00,10,0.57,0.44,2025-05-19T16:18:35.711178257-05:00
1NDB3WX9F1801,RGDP_Q125_0,2025-06-26T07:30:00-05:00,15,0.37,0.64,2025-05-19T16:58:17.187677789-05:00
1NDB3X1JK1800,RGDP_Q125_0,2025-06-26T07:30:00-05:00,10,0.38,0.63,2025-05-19T16:58:37.306203928-05:00
1NDB3X86F1800,RGDP_Q125_0,2025-06-26T07:30:00-05:00,10,0.39,0.62,2025-05-19T16:59:25.715696533-05:00
1NDB4224F1800,FES_123126_6000,2027-01-04T10:00:00-06:00,10,0.60,0.41,2025-05-19T17:00:55.628982337-05:00
1NDB423XV1802,FES_123126_6550,2027-01-04T10:00:00-06:00,10,0.43,0.58,2025-05-19T17:00:55.715867443-05:00
1NDB423YF1800,FES_123126_4600,2027-01-04T10:00:00-06:00,10,0.83,0.18,2025-05-19T17:00:55.719113255-05:00
1NDB423Z31800,FES_123126_5500,2027-01-04T10:00:00-06:00,10,0.71,0.30,2025-05-19T17:00:55.73155377-05:00
1NDB4248Q1800,FES_123126_5100,2027-01-04T10:00:00-06:00,10,0.77,0.24,2025-05-19T17:00:55.734733792-05:00
1NDB424M71800,FES_123126_5000,2027-01-04T10:00:00-06:00,10,0.78,0.23,2025-05-19T17:00:55.737671272-05:00
1NDB458671800,FF_073125_3.625,2025-07-30T13:00:00-05:00,10,0.94,0.07,2025-05-19T17:05:20.374312065-05:00
1NDB47ATV1800,CP_Q125_0.9,2025-05-29T07:30:00-05:00,10,0.85,0.16,2025-05-19T17:10:54.833880389-05:00
1NDB4A7H71800,IJC_053125_260000,2025-06-05T07:30:00-05:00,10,0.13,0.88,2025-05-19T17:15:51.091645501-05:00
1NDB4BWCK1800,FES_052025_5900,2025-05-21T10:00:00-05:00,4,0.92,0.09,2025-05-19T17:21:04.154909716-05:00
1NDB4M7WQ1802,FNQ_063025_21600,2025-07-01T10:00:00-05:00,100,0.59,0.42,2025-05-19T17:32:38.558089775-05:00
1NDB4MWM71800,FNQ_063025_21600,2025-07-01T10:00:00-05:00,100,0.59,0.42,2025-05-19T17:33:10.912825251-05:00
1NDB4NG7B1800,FNQ_063025_21600,2025-07-01T10:00:00-05:00,100,0.58,0.43,2025-05-19T17:33:40.467642751-05:00
1NDB4NJNB1803,FNQ_063025_21600,2025-07-01T10:00:00-05:00,100,0.58,0.43,2025-05-19T17:33:42.324631092-05:00
1NDB4NMT31800,FNQ_063025_21600,2025-07-01T10:00:00-05:00,100,0.58,0.43,2025-05-19T17:33:43.976006427-05:00
1NDB4NPJK1800,FNQ_063025_21600,2025-07-01T10:00:00-05:00,100,0.58,0.43,2025-05-19T17:33:45.506871751-05:00
1NDB4NQP71800,FNQ_063025_21600,2025-07-01T10:00:00-05:00,100,0.58,0.43,2025-05-19T17:33:47.53002635-05:00
1NDB4NS9B1802,FNQ_063025_21600,2025-07-01T10:00:00-05:00,100,0.58,0.43,2025-05-19T17:33:49.660304672-05:00
1NDB4P8R71800,FNQ_063025_21600,2025-07-01T10:00:00-05:00,100,0.58,0.43,2025-05-19T17:33:51.71037906-05:00
1NDB4PM571800,FNQ_063025_21600,2025-07-01T10:00:00-05:00,100,0.58,0.43,2025-05-19T17:33:53.791893442-05:00
1NDB4PYBF1800,FNQ_063025_21600,2025-07-01T10:00:00-05:00,100,0.58,0.43,2025-05-19T17:33:55.441525461-05:00
1NDB4Q18V1802,FNQ_063025_21600,2025-07-01T10:00:00-05:00,100,0.58,0.43,2025-05-19T17:33:57.451257832-05:00
1NDB4Q2E31800,FNQ_063025_21600,2025-07-01T10:00:00-05:00,100,0.58,0.43,2025-05-19T17:33:59.479558952-05:00
1NDB4Q62B1800,FNQ_063025_21600,2025-07-01T10:00:00-05:00,100,0.58,0.43,2025-05-19T17:34:01.5917806-05:00
1NDB4Q8ZV1800,FNQ_063025_21600,2025-07-01T10:00:00-05:00,100,0.58,0.43,2025-05-19T17:34:03.735719385-05:00
1NDB4QAGF1800,FNQ_063025_21600,2025-07-01T10:00:00-05:00,100,0.58,0.43,2025-05-19T17:34:05.41456246-05:00
1NDB4QEPF1800,FNQ_063025_21600,2025-07-01T10:00:00-05:00,100,0.58,0.43,2025-05-19T17:34:07.026529241-05:00
1NDB4QF3B1800,FNQ_063025_21600,2025-07-01T10:00:00-05:00,100,0.58,0.43,2025-05-19T17:34:08.603393542-05:00
1NDB4QF5V1802,FNQ_063025_21600,2025-07-01T10:00:00-05:00,100,0.58,0.43,2025-05-19T17:34:10.150617205-05:00
1NDB4QFTV1801,FNQ_063025_21600,2025-07-01T10:00:00-05:00,100,0.58,0.43,2025-05-19T17:34:12.129679824-05:00
1NDB4QG2K1802,FNQ_063025_21600,2025-07-01T10:00:00-05:00,100,0.58,0.43,2025-05-19T17:34:14.226323875-05:00
1NDB4QGPQ1800,FNQ_063025_21600,2025-07-01T10:00:00-05:00,100,0.58,0.43,2025-05-19T17:34:16.277776419-05:00
1NDB4QKZB1800,FNQ_063025_21600,2025-07-01T10:00:00-05:00,100,0.58,0.43,2025-05-19T17:34:17.916930532-05:00
1NDB4QN1K1800,FNQ_063025_21600,2025-07-01T10:00:00-05:00,100,0.58,0.43,2025-05-19T17:34:19.58232103-05:00
1NDB4QNG71800,FNQ_063025_21600,2025-07-01T10:00:00-05:00,100,0.58,0.43,2025-05-19T17:34:21.228804909-05:00
1NDB4QRZ31800,FNQ_063025_21600,2025-07-01T10:00:00-05:00,100,0.58,0.43,2025-05-19T17:34:22.847999138-05:00
1NDB4QTVB1803,FNQ_063025_21600,2025-07-01T10:00:00-05:00,100,0.58,0.43,2025-05-19T17:34:25.139729395-05:00
1NDB4QTWF1802,FNQ_063025_21600,2025-07-01T10:00:00-05:00,100,0.58,0.43,2025-05-19T17:34:26.777857831-05:00
1NDB4QWX31801,FNQ_063025_21600,2025-07-01T10:00:00-05:00,100,0.58,0.43,2025-05-19T17:34:29.6324032-05:00
1NDB4QX7Z1800,FNQ_063025_21600,2025-07-01T10:00:00-05:00,100,0.58,0.43,2025-05-19T17:34:31.841230085-05:00
1NDB4QX9F1800,FNQ_063025_21600,2025-07-01T10:00:00-05:00,100,0.58,0.43,2025-05-19T17:34:33.905699263-05:00
1NDB4QZJ31801,FNQ_063025_21600,2025-07-01T10:00:00-05:00,100,0.58,0.43,2025-05-19T17:34:35.548825375-05:00
1NDB4QZY71800,FNQ_063025_21600,2025-07-01T10:00:00-05:00,100,0.58,0.43,2025-05-19T17:34:37.158792235-05:00
1NDB4R0T71800,FNQ_063025_21600,2025-07-01T10:00:00-05:00,100,0.58,0.43,2025-05-19T17:34:39.700914866-05:00
1NDB4R2R31800,FNQ_063025_21600,2025-07-01T10:00:00-05:00,100,0.58,0.43,2025-05-19T17:34:41.367468343-05:00
1NDB4R43B1800,FNQ_063025_21600,2025-07-01T10:00:00-05:00,100,0.58,0.43,2025-05-19T17:34:42.955354819-05:00
1NDB4R4TK1800,FNQ_063025_21600,2025-07-01T10:00:00-05:00,100,0.58,0.43,2025-05-19T17:34:44.588082248-05:00
1NDB4R9JF1800,FNQ_063025_21600,2025-07-01T10:00:00-05:00,100,0.58,0.43,2025-05-19T17:34:46.656786729-05:00
1NDB4R9KF1802,FNQ_063025_21600,2025-07-01T10:00:00-05:00,100,0.58,0.43,2025-05-19T17:34:49.118319353-05:00
1NDB4RDGB1800,FNQ_063025_21600,2025-07-01T10:00:00-05:00,100,0.58,0.43,2025-05-19T17:34:50.694415115-05:00
1NDB4RDYV1800,FNQ_063025_21600,2025-07-01T10:00:00-05:00,100,0.58,0.43,2025-05-19T17:34:53.213825921-05:00
1NDB4RED31800,FNQ_063025_21600,2025-07-01T10:00:00-05:00,100,0.58,0.43,2025-05-19T17:34:54.950515442-05:00
1NDB4RGWK1800,FNQ_063025_21600,2025-07-01T10:00:00-05:00,100,0.58,0.43,2025-05-19T17:34:56.926622013-05:00
1NDB4RH4Z1800,FNQ_063025_21600,2025-07-01T10:00:00-05:00,100,0.58,0.43,2025-05-19T17:34:58.533403016-05:00
1NDB4RHM31800,FNQ_063025_21600,2025-07-01T10:00:00-05:00,100,0.58,0.43,2025-05-19T17:35:00.106060288-05:00
1NDB4RHMV1802,FNQ_063025_21600,2025-07-01T10:00:00-05:00,100,0.58,0.43,2025-05-19T17:35:01.716367537-05:00
1NDB4RR1K1800,FNQ_063025_21600,2025-07-01T10:00:00-05:00,100,0.58,0.43,2025-05-19T17:35:05.599607398-05:00
1NDB4RTF31800,FNQ_063025_21600,2025-07-01T10:00:00-05:00,100,0.58,0.43,2025-05-19T17:35:07.581469052-05:00
1NDB4RTH31802,FNQ_063025_21600,2025-07-01T10:00:00-05:00,100,0.58,0.43,2025-05-19T17:35:09.684373268-05:00
1NDB4RV4F1800,FNQ_063025_21600,2025-07-01T10:00:00-05:00,100,0.58,0.43,2025-05-19T17:35:11.302643908-05:00
1NDB4RVC31800,FNQ_063025_21600,2025-07-01T10:00:00-05:00,100,0.58,0.43,2025-05-19T17:35:13.215682998-05:00
1NDB4S0F31800,FNQ_063025_21600,2025-07-01T10:00:00-05:00,100,0.58,0.43,2025-05-19T17:35:43.316760675-05:00
1NDB4S0WZ1800,FNQ_063025_21600,2025-07-01T10:00:00-05:00,100,0.58,0.43,2025-05-19T17:35:43.316760675-05:00
1NDB4W11V1802,MSATN_060725_Pablos,2025-06-25T16:59:59-05:00,10,0.17,0.84,2025-05-19T17:40:25.649481174-05:00
1NDB4W4ZK1800,MSATN_060725_Pablos,2025-06-25T16:59:59-05:00,10,0.15,0.86,2025-05-19T17:41:07.99563332-05:00
1NDB4YPT31802,FNQ_063025_21600,2025-07-01T10:00:00-05:00,100,0.58,0.43,2025-05-19T17:47:36.630898897-05:00
1NDB4YQ8Z1800,FF_091825_3.375,2025-09-17T13:00:00-05:00,10,0.85,0.16,2025-05-19T17:47:37.604419696-05:00
1NDB4YQTZ1800,FF_091825_3.375,2025-09-17T13:00:00-05:00,10,0.86,0.15,2025-05-19T17:47:38.129926335-05:00
1NDB4YQZZ1800,FNQ_063025_21600,2025-07-01T10:00:00-05:00,100,0.58,0.43,2025-05-19T17:47:40.394463674-05:00
1NDB4YSMF1800,FNQ_063025_21600,2025-07-01T10:00:00-05:00,100,0.58,0.43,2025-05-19T17:47:45.418068182-05:00
1NDB4YTGK1800,FNQ_063025_21600,2025-07-01T10:00:00-05:00,100,0.58,0.43,2025-05-19T17:47:49.397039914-05:00
1NDB4YV1V1800,FNQ_063025_21600,2025-07-01T10:00:00-05:00,100,0.58,0.43,2025-05-19T17:47:53.086398695-05:00
1NDB4YVMV1800,FNQ_063025_21600,2025-07-01T10:00:00-05:00,100,0.58,0.43,2025-05-19T17:47:57.76622443-05:00
1NDB4YVW31800,FNQ_063025_21600,2025-07-01T10:00:00-05:00,100,0.58,0.43,2025-05-19T17:48:02.07635018-05:00
1NDB4YW2K1804,FNQ_063025_21600,2025-07-01T10:00:00-05:00,100,0.58,0.43,2025-05-19T17:48:09.444958271-05:00
1NDB50HT31802,FES_052025_5900,2025-05-21T10:00:00-05:00,996,0.92,0.09,2025-05-19T17:55:21.301258279-05:00
1NDB52C3K1800,FNQ_052025_21300,2025-05-21T10:00:00-05:00,100,0.85,0.16,2025-05-19T18:02:45.516755568-05:00
1NDB52V671803,FNQ_052025_21400,2025-05-21T10:00:00-05:00,100,0.73,0.28,2025-05-19T18:05:26.867613677-05:00
1NDB55APQ1802,FNQ_063025_21600,2025-07-01T10:00:00-05:00,100,0.59,0.42,2025-05-19T18:11:47.175138812-05:00
1NDB5HHEZ1800,CAOR_121125_2.50,2025-12-10T08:45:00-06:00,10,0.41,0.60,2025-05-19T18:24:04.44966234-05:00
1NDB72KFQ1800,FNQ_063025_21600,2025-07-01T10:00:00-05:00,100,0.60,0.41,2025-05-19T18:34:31.824395384-05:00
1NDB96NF71800,FF_061925_4.125,2025-06-18T13:00:00-05:00,10,0.90,0.11,2025-05-19T18:44:13.277189703-05:00
1NDB97GWF1800,FF_061925_4.125,2025-06-18T13:00:00-05:00,190,0.89,0.12,2025-05-19T18:44:13.805139314-05:00
1NDBJWZX31800,FF_073125_3.375,2025-07-30T13:00:00-05:00,1,0.98,0.03,2025-05-19T19:09:12.279836002-05:00
1NDC4WN7Q1800,FES_123126_5000,2027-01-04T10:00:00-06:00,10,0.83,0.18,2025-05-19T20:00:12.794491295-05:00
1NDC4XQD31800,FES_123126_6000,2027-01-04T10:00:00-06:00,10,0.66,0.35,2025-05-19T20:00:12.995125293-05:00
1NDCH16631800,FES_052025_5900,2025-05-21T10:00:00-05:00,100,0.91,0.10,2025-05-19T20:08:45.872120115-05:00
1NDCHP50K1800,FES_052025_6050,2025-05-21T10:00:00-05:00,100,0.06,0.95,2025-05-19T20:12:25.932242075-05:00
1NDCJRKT31802,FF_073125_3.625,2025-07-30T13:00:00-05:00,100,0.96,0.05,2025-05-19T20:15:18.17853899-05:00
1NDCVDY2V1804,USR_0625_0,2025-09-25T07:30:00-05:00,10,0.15,0.86,2025-05-19T20:38:18.439454129-05:00
1NDD3X1R31800,FES_052025_5950,2025-05-21T10:00:00-05:00,100,0.72,0.29,2025-05-19T21:10:02.885939283-05:00
1NDD455F71803,IJC_053125_260000,2025-06-05T07:30:00-05:00,10,0.12,0.89,2025-05-19T21:11:10.092067151-05:00
1NDD4FY2B1800,FF_061925_4.125,2025-06-18T13:00:00-05:00,10,0.92,0.09,2025-05-19T21:12:06.231481066-05:00
1NDD4FY371800,FES_052025_5900,2025-05-21T10:00:00-05:00,1,0.93,0.08,2025-05-19T21:12:07.051379665-05:00
1NDD4PZNZ1800,HORC_1126_Democratic,2027-01-04T09:00:00-06:00,20,0.63,0.38,2025-05-19T21:12:16.525688944-05:00
1NDD5315Z1800,CAOR_060525_2.75,2025-06-04T08:45:00-05:00,10,0.16,0.85,2025-05-19T21:13:31.130902336-05:00
1NDD8CJA71800,USR_0625_0,2025-09-25T07:30:00-05:00,90,0.15,0.86,2025-05-19T21:28:47.231967787-05:00
1NDD8CNJV1800,USR_0625_0,2025-09-25T07:30:00-05:00,10,0.15,0.86,2025-05-19T21:28:47.231967787-05:00
1NDDA0RQV1802,FF_073125_3.875,2025-07-30T13:00:00-05:00,10,0.93,0.08,2025-05-19T21:40:01.5133386-05:00
1NDDAF7T31802,FES_052025_5950,2025-05-21T10:00:00-05:00,100,0.72,0.29,2025-05-19T21:51:50.496025313-05:00
1NDDAQ1R31800,HKCPI_0425_1.3,2025-05-22T02:30:00-05:00,10,0.88,0.13,2025-05-19T21:54:15.234073899-05:00
1NDDAR4F71800,HKCPI_0425_1.3,2025-05-22T02:30:00-05:00,10,0.89,0.12,2025-05-19T21:54:41.746436923-05:00
1NDDAR4FK1804,HKCPI_0425_1.3,2025-05-22T02:30:00-05:00,10,0.90,0.11,2025-05-19T21:54:49.298244522-05:00
1NDDARBYQ1800,HKCPI_0425_1.3,2025-05-22T02:30:00-05:00,10,0.91,0.10,2025-05-19T21:54:55.57634235-05:00
1NDDARH3V1800,HKCPI_0425_1.3,2025-05-22T02:30:00-05:00,10,0.92,0.09,2025-05-19T21:54:59.844451853-05:00
1NDDARRHK1804,FF_073125_3.375,2025-07-30T13:00:00-05:00,11,0.95,0.06,2025-05-19T21:55:17.255326974-05:00
1NDDBABYK1800,OP_0325_13630,2025-05-30T07:30:00-05:00,10,0.13,0.88,2025-05-19T21:59:25.86099292-05:00
1NDDBANHB1800,OP_0325_13630,2025-05-30T07:30:00-05:00,10,0.11,0.90,2025-05-19T21:59:37.71637437-05:00
1NDDBB20V1802,OP_0325_13630,2025-05-30T07:30:00-05:00,10,0.09,0.92,2025-05-19T21:59:49.781358847-05:00
1NDDBB8T31800,OP_0325_13630,2025-05-30T07:30:00-05:00,5,0.07,0.94,2025-05-19T21:59:55.259513843-05:00
1NDDBB9C71800,OP_0325_13630,2025-05-30T07:30:00-05:00,10,0.07,0.94,2025-05-19T21:59:55.259513843-05:00
1NDDBE3GK1800,OP_0325_13630,2025-05-30T07:30:00-05:00,10,0.05,0.96,2025-05-19T22:00:08.063535569-05:00
1NDDBKXYZ1800,OP_0325_13630,2025-05-30T07:30:00-05:00,10,0.05,0.96,2025-05-19T22:01:38.05627883-05:00
1NDDCTGEF1800,CPIC_0525_2.8,2025-06-11T07:30:00-05:00,10,0.69,0.32,2025-05-19T22:16:52.795963142-05:00
1NDDEVETQ1800,OP_0325_13630,2025-05-30T07:30:00-05:00,35,0.05,0.96,2025-05-19T22:36:55.069032306-05:00
1NDDEY1KB1802,OP_0325_13630,2025-05-30T07:30:00-05:00,10,0.07,0.94,2025-05-19T22:37:19.3623306-05:00
1NDDFZQPZ1800,FF_073125_3.875,2025-07-30T13:00:00-05:00,10,0.92,0.09,2025-05-19T22:45:44.100740928-05:00
1NDDFZWH31800,FF_073125_3.875,2025-07-30T13:00:00-05:00,10,0.91,0.10,2025-05-19T22:45:58.049974606-05:00
1NDDG2MWV1800,FF_061925_4.125,2025-06-18T13:00:00-05:00,10,0.92,0.09,2025-05-19T22:46:47.065604665-05:00
1NDDG4FVQ1800,FF_061925_4.125,2025-06-18T13:00:00-05:00,10,0.92,0.09,2025-05-19T22:47:34.580891324-05:00
1NDDK0B1B1802,FYM_052125_43200,2025-05-22T10:00:00-05:00,100,0.21,0.80,2025-05-19T23:17:03.860378656-05:00
1NDDKTM471804,FES_052025_5900,2025-05-21T10:00:00-05:00,1000,0.89,0.12,2025-05-19T23:34:47.790428228-05:00
1NDDMTEDF1803,FES_052025_5900,2025-05-21T10:00:00-05:00,500,0.89,0.12,2025-05-19T23:48:05.444322386-05:00
1NDDTYXH31800,GTM_0725_1.31,2025-08-12T10:00:00-05:00,10,0.31,0.70,2025-05-20T00:37:39.516321409-05:00
1NDDV114Q1802,GTM_0725_1.31,2025-08-12T10:00:00-05:00,10,0.30,0.71,2025-05-20T00:37:51.783384193-05:00
1NDDV1P9K1800,GTM_0725_1.31,2025-08-12T10:00:00-05:00,10,0.29,0.72,2025-05-20T00:38:02.403257839-05:00
1NDDV44CF1802,GTM_0725_1.31,2025-08-12T10:00:00-05:00,10,0.28,0.73,2025-05-20T00:38:13.946320603-05:00
1NDDV5AFQ1800,GTM_0725_1.31,2025-08-12T10:00:00-05:00,10,0.27,0.74,2025-05-20T00:38:24.096164835-05:00
1NDDV82WZ1802,GTM_0725_1.31,2025-08-12T10:00:00-05:00,10,0.26,0.75,2025-05-20T00:38:33.393990304-05:00
1NDDXB7D31800,RGDP_Q125_-0.5,2025-06-26T07:30:00-05:00,10,0.74,0.27,2025-05-20T00:51:09.192775608-05:00
1NDDXB9FK1800,GTM_0725_1.26,2025-08-12T10:00:00-05:00,10,0.47,0.54,2025-05-20T00:51:15.473058602-05:00
1NDDXEHZ31800,GTM_0725_1.26,2025-08-12T10:00:00-05:00,10,0.46,0.55,2025-05-20T00:51:24.883392936-05:00
1NDDXFQXK1802,GTM_0725_1.26,2025-08-12T10:00:00-05:00,10,0.45,0.56,2025-05-20T00:51:34.165739046-05:00
1NDDXH8MB1800,GTM_0725_1.26,2025-08-12T10:00:00-05:00,10,0.44,0.57,2025-05-20T00:51:44.574134727-05:00
1NDDXJFBQ1802,GTM_0725_1.26,2025-08-12T10:00:00-05:00,10,0.43,0.58,2025-05-20T00:51:54.765028752-05:00
1NDDXK42F1800,GTM_0725_1.26,2025-08-12T10:00:00-05:00,10,0.42,0.59,2025-05-20T00:52:04.818555791-05:00
1NDDY4DAQ1800,CAGDP_Q125_0.2,2025-05-30T07:30:00-05:00,10,0.89,0.12,2025-05-20T00:54:17.582335114-05:00
1NDDY707V1800,GTM_0725_1.31,2025-08-12T10:00:00-05:00,10,0.25,0.76,2025-05-20T00:54:39.257622559-05:00
1NDDY89G71800,GTM_0725_1.31,2025-08-12T10:00:00-05:00,10,0.24,0.77,2025-05-20T00:54:51.156573434-05:00
1NDDY8X431802,GTM_0725_1.36,2025-08-12T10:00:00-05:00,10,0.18,0.83,2025-05-20T00:55:12.913627385-05:00
1NDDY938F1800,GTM_0725_1.36,2025-08-12T10:00:00-05:00,10,0.17,0.84,2025-05-20T00:55:26.256162614-05:00
1NDDY9KVV1800,GTM_0725_1.36,2025-08-12T10:00:00-05:00,10,0.16,0.85,2025-05-20T00:55:37.100179116-05:00
1NDDYA2NK1800,FNQ_063025_21600,2025-07-01T10:00:00-05:00,100,0.59,0.42,2025-05-20T00:55:48.657170537-05:00
1NDEH158B1800,CPIC_0525_2.8,2025-06-11T07:30:00-05:00,10,0.70,0.31,2025-05-20T01:51:07.733498461-05:00
1NDEH37GV1800,CPIC_0525_2.8,2025-06-11T07:30:00-05:00,10,0.71,0.30,2025-05-20T01:51:44.016721397-05:00
1NDFF5JJV1800,FF_073125_3.625,2025-07-30T13:00:00-05:00,1,0.96,0.05,2025-05-20T02:50:54.814815579-05:00
1NDFJ2D5Q1800,FES_052025_5900,2025-05-21T10:00:00-05:00,100,0.89,0.12,2025-05-20T03:02:47.33066448-05:00
1NDFPZQEF1800,USR_0325_0,2025-06-26T07:30:00-05:00,10,0.05,0.96,2025-05-20T03:16:47.797383313-05:00
1NDFTFH2Q1800,CPIC_0525_2.8,2025-06-11T07:30:00-05:00,10,0.69,0.32,2025-05-20T03:25:34.399320256-05:00
1NDFWF5DB1800,USDR_0625_42,2025-06-19T07:30:00-05:00,5,0.06,0.95,2025-05-20T03:37:21.30346709-05:00
1NDFWH8731800,USDR_0625_42,2025-06-19T07:30:00-05:00,5,0.06,0.95,2025-05-20T03:37:57.60238585-05:00
1NDFWK6NQ1802,FYM_052125_43200,2025-05-22T10:00:00-05:00,10,0.21,0.80,2025-05-20T03:38:55.111000307-05:00
1NDFYJPJF1800,FYM_052125_43000,2025-05-22T10:00:00-05:00,5,0.39,0.62,2025-05-20T03:54:19.509893695-05:00
1NDG0MRMK1800,IJC_053125_260000,2025-06-05T07:30:00-05:00,10,0.11,0.90,2025-05-20T04:10:42.223838657-05:00
1NDG4HEEQ1800,CAGDP_Q125_0.2,2025-05-30T07:30:00-05:00,10,0.87,0.14,2025-05-20T04:42:30.964131543-05:00
1NDG4PNVB1802,CAGDP_Q125_0.2,2025-05-30T07:30:00-05:00,10,0.86,0.15,2025-05-20T04:43:23.428190946-05:00
1NDG5EJY71800,RGDP_Q125_0,2025-06-26T07:30:00-05:00,10,0.39,0.62,2025-05-20T04:48:46.810506784-05:00
1NDH20JNK1804,CPIY_0625_2.4,2025-07-15T07:30:00-05:00,1,0.80,0.21,2025-05-20T07:14:26.133928166-05:00
1NDHPC2ZB1800,CP_Q125_0.9,2025-05-29T07:30:00-05:00,10,0.86,0.15,2025-05-20T08:16:10.807475345-05:00
1NDJMAGPB1800,IJC_053125_260000,2025-06-05T07:30:00-05:00,1990,0.11,0.90,2025-05-20T08:39:05.304350863-05:00
1NDJNJHRF1800,FF_121125_3.875,2025-12-10T13:00:00-06:00,10,0.38,0.63,2025-05-20T08:41:34.91982772-05:00
1NDJNK2SF1800,FF_121125_3.875,2025-12-10T13:00:00-06:00,10,0.39,0.62,2025-05-20T08:41:42.821322586-05:00
1NDJNKDG31800,FF_121125_3.875,2025-12-10T13:00:00-06:00,10,0.40,0.61,2025-05-20T08:41:49.846656139-05:00
1NDJNKRRK1800,FF_121125_3.875,2025-12-10T13:00:00-06:00,10,0.41,0.60,2025-05-20T08:41:58.230667769-05:00
1NDJNMD9K1802,FF_121125_3.875,2025-12-10T13:00:00-06:00,10,0.42,0.59,2025-05-20T08:42:05.249622738-05:00
1NDJNMV5K1800,FF_121125_3.875,2025-12-10T13:00:00-06:00,10,0.43,0.58,2025-05-20T08:42:12.523588988-05:00
1NDJNNF6B1800,FF_121125_3.875,2025-12-10T13:00:00-06:00,10,0.44,0.57,2025-05-20T08:42:23.056069071-05:00
1NDJNNY4B1800,FF_121125_3.875,2025-12-10T13:00:00-06:00,10,0.45,0.56,2025-05-20T08:42:29.152606424-05:00
1NDJNP82V1802,FF_121125_3.875,2025-12-10T13:00:00-06:00,10,0.46,0.55,2025-05-20T08:42:34.382599396-05:00
1NDJRJCJV1800,FES_052025_5950,2025-05-21T10:00:00-05:00,20,0.72,0.29,2025-05-20T08:56:39.366556858-05:00
1NDJT81S71800,FES_052025_5900,2025-05-21T10:00:00-05:00,400,0.97,0.04,2025-05-20T09:02:41.876312232-05:00
1NDJTQ34K1804,RGDP_Q125_0,2025-06-26T07:30:00-05:00,10,0.40,0.61,2025-05-20T09:04:58.977342924-05:00
1NDJTXHZF1800,FNQ_052025_21400,2025-05-21T10:00:00-05:00,50,0.56,0.45,2025-05-20T09:05:54.683146366-05:00
1NDJVG7071800,IJC_053125_260000,2025-06-05T07:30:00-05:00,90,0.13,0.88,2025-05-20T09:08:01.939450853-05:00
1NDJVG7PK1800,IJC_053125_260000,2025-06-05T07:30:00-05:00,10,0.13,0.88,2025-05-20T09:08:01.939450853-05:00
1NDJW1BDK1802,FES_052025_5950,2025-05-21T10:00:00-05:00,10,0.61,0.40,2025-05-20T09:10:27.798582936-05:00
1NDJW8C471800,USGP_052625_3.25,2025-05-27T09:00:00-05:00,10,0.24,0.77,2025-05-20T09:11:32.55667806-05:00
1NDJWCKZQ1800,USGP_052625_3.25,2025-05-27T09:00:00-05:00,10,0.25,0.76,2025-05-20T09:12:11.468668054-05:00
1NDJWD97Q1800,USGP_052625_3.25,2025-05-27T09:00:00-05:00,10,0.24,0.77,2025-05-20T09:12:18.690201762-05:00
1NDJWDTRK1802,USGP_052625_3.25,2025-05-27T09:00:00-05:00,10,0.23,0.78,2025-05-20T09:12:24.562150021-05:00
1NDJWEG371802,USGP_052625_3.25,2025-05-27T09:00:00-05:00,10,0.22,0.79,2025-05-20T09:12:30.52138815-05:00
1NDJWMVX31801,FES_052025_5900,2025-05-21T10:00:00-05:00,100,0.94,0.07,2025-05-20T09:13:44.236429287-05:00
1NDJWR7HK1802,USGP_052625_3.25,2025-05-27T09:00:00-05:00,10,0.21,0.80,2025-05-20T09:14:14.070624073-05:00
1NDJWS0YZ1800,USGP_052625_3.25,2025-05-27T09:00:00-05:00,10,0.20,0.81,2025-05-20T09:14:23.261867505-05:00
1NDJWW9GZ1800,CPIC_0525_2.8,2025-06-11T07:30:00-05:00,100,0.70,0.31,2025-05-20T09:15:09.645820045-05:00
1NDJWWB8V1800,CPIC_0525_2.8,2025-06-11T07:30:00-05:00,4,0.71,0.30,2025-05-20T09:15:10.173230902-05:00
1NDJX44WZ1801,ND_0925_38.0,2025-10-01T14:00:00-05:00,1,0.64,0.37,2025-05-20T09:16:44.282301198-05:00
1NDJXDARQ1802,FNQ_052025_21400,2025-05-21T10:00:00-05:00,100,0.53,0.48,2025-05-20T09:18:16.570508691-05:00
1NDJXQVDZ1800,USR_0325_0,2025-06-26T07:30:00-05:00,10,0.06,0.95,2025-05-20T09:19:50.724584172-05:00
1NDJY6P6Z1800,FF_073125_4.125,2025-07-30T13:00:00-05:00,10,0.81,0.20,2025-05-20T09:22:35.623205402-05:00
1NDJZEP3V1800,FNQ_052025_21300,2025-05-21T10:00:00-05:00,100,0.80,0.21,2025-05-20T09:29:48.67490715-05:00
1NDK00MZF1800,FES_052025_5950,2025-05-21T10:00:00-05:00,30,0.65,0.36,2025-05-20T09:32:33.826279241-05:00
1NDK0AR8F1800,FNQ_052025_21500,2025-05-21T10:00:00-05:00,100,0.21,0.80,2025-05-20T09:34:07.375161124-05:00
1NDK0ATM71800,USGP_052625_3.25,2025-05-27T09:00:00-05:00,10,0.22,0.79,2025-05-20T09:34:07.78894633-05:00
1NDK0P7QQ1800,RT_1225_0,2026-01-09T10:00:00-06:00,10,0.30,0.71,2025-05-20T09:36:11.381498679-05:00
1NDK17DHK1800,FES_052225_6000,2025-05-23T10:00:00-05:00,3000,0.35,0.66,2025-05-20T09:39:20.152894342-05:00
1NDK1D9VV1800,FES_052125_6000,2025-05-22T10:00:00-05:00,2000,0.29,0.72,2025-05-20T09:40:03.053173571-05:00
1NDK3GAZB1800,CP_Q125_0.9,2025-05-29T07:30:00-05:00,10,0.86,0.15,2025-05-20T09:53:41.861146537-05:00
1NDK4Y0ZF1802,FYM_052025_42600,2025-05-21T10:00:00-05:00,1,0.78,0.23,2025-05-20T10:00:26.072668876-05:00
1NDK5V13V1800,CPIY_0525_2.5,2025-06-11T07:30:00-05:00,3,0.30,0.71,2025-05-20T10:03:53.388827135-05:00
1NDK8PAGB1800,USR_0625_0,2025-09-25T07:30:00-05:00,100,0.15,0.86,2025-05-20T10:15:25.28068232-05:00
1NDK9JKAF1800,USR_0925_0,2025-12-24T07:30:00-06:00,10,0.37,0.64,2025-05-20T10:20:09.765508351-05:00
1NDK9KF531802,USR_0925_0,2025-12-24T07:30:00-06:00,10,0.36,0.65,2025-05-20T10:20:33.497014218-05:00
1NDK9M3MF1800,USR_0925_0,2025-12-24T07:30:00-06:00,10,0.35,0.66,2025-05-20T10:20:48.352779456-05:00
1NDK9MGMV1800,USR_0925_0,2025-12-24T07:30:00-06:00,10,0.34,0.67,2025-05-20T10:20:54.255669131-05:00
1NDK9MS431803,USR_0925_0,2025-12-24T07:30:00-06:00,10,0.33,0.68,2025-05-20T10:21:00.194677391-05:00
1NDK9NMEB1800,USR_0925_0,2025-12-24T07:30:00-06:00,10,0.32,0.69,2025-05-20T10:21:16.458400672-05:00
1NDK9QS271800,RT_1225_0,2026-01-09T10:00:00-06:00,10,0.30,0.71,2025-05-20T10:22:08.640360283-05:00
1NDK9RE3Q1800,IJC_053125_260000,2025-06-05T07:30:00-05:00,10,0.11,0.90,2025-05-20T10:22:20.405486062-05:00
1NDK9VH8Z1800,MRT_0525_0,2025-06-12T10:00:00-05:00,10,0.10,0.91,2025-05-20T10:23:03.331152128-05:00
1NDK9VHC71800,MRT_0525_0,2025-06-12T10:00:00-05:00,10,0.09,0.92,2025-05-20T10:23:03.860143072-05:00
1NDK9VM6Z1800,MRT_0525_0,2025-06-12T10:00:00-05:00,10,0.08,0.93,2025-05-20T10:23:04.38706495-05:00
1NDK9VNWV1800,MRT_0525_0,2025-06-12T10:00:00-05:00,10,0.07,0.94,2025-05-20T10:23:04.915916505-05:00
1NDK9VS1V1800,MRT_0525_0,2025-06-12T10:00:00-05:00,10,0.06,0.95,2025-05-20T10:23:05.447927008-05:00
1NDKA260V1800,PCD_0828_Newsome,2028-09-01T08:00:00-05:00,10,0.14,0.87,2025-05-20T10:24:08.930472114-05:00
1NDKA2HJ31800,GTM_0525_1.36,2025-06-12T10:00:00-05:00,33,0.03,0.98,2025-05-20T10:24:12.776834402-05:00
1NDKA3ES31800,GTM_0525_1.31,2025-06-12T10:00:00-05:00,10,0.03,0.98,2025-05-20T10:24:25.548880237-05:00
1NDKA3T0Q1800,GTM_0525_1.26,2025-06-12T10:00:00-05:00,10,0.08,0.93,2025-05-20T10:24:38.314046363-05:00
1NDKA3VQQ1800,GTM_0525_1.26,2025-06-12T10:00:00-05:00,10,0.07,0.94,2025-05-20T10:24:38.841521207-05:00
1NDKA3VSZ1802,GTM_0525_1.26,2025-06-12T10:00:00-05:00,10,0.06,0.95,2025-05-20T10:24:39.371337799-05:00
1NDKA3W931800,GTM_0525_1.26,2025-06-12T10:00:00-05:00,10,0.05,0.96,2025-05-20T10:24:39.900018708-05:00
1NDKA3WPV1800,GTM_0525_1.26,2025-06-12T10:00:00-05:00,10,0.04,0.97,2025-05-20T10:24:40.427543392-05:00
1NDKA47D31804,GTM_0525_1.26,2025-06-12T10:00:00-05:00,10,0.03,0.98,2025-05-20T10:24:57.422189601-05:00
1NDKAASK71800,MRT_0625_0,2025-07-10T10:00:00-05:00,10,0.40,0.61,2025-05-20T10:27:12.111762839-05:00
1NDKAAWDV1800,MRT_0625_0,2025-07-10T10:00:00-05:00,10,0.39,0.62,2025-05-20T10:27:12.642083483-05:00
1NDKAB2JZ1800,MRT_0625_0,2025-07-10T10:00:00-05:00,10,0.38,0.63,2025-05-20T10:27:13.169586078-05:00
1NDKAB4K71800,MRT_0625_0,2025-07-10T10:00:00-05:00,10,0.37,0.64,2025-05-20T10:27:13.697505584-05:00
1NDKAB8E71800,MRT_0625_0,2025-07-10T10:00:00-05:00,10,0.36,0.65,2025-05-20T10:27:14.226514324-05:00
1NDKAHCCB1800,GTM_0525_1.16,2025-06-12T10:00:00-05:00,10,0.51,0.50,2025-05-20T10:28:42.509686044-05:00
1NDKAHDZV1800,GTM_0525_1.16,2025-06-12T10:00:00-05:00,10,0.50,0.51,2025-05-20T10:28:43.037974002-05:00
1NDKAHEDZ1801,GTM_0525_1.16,2025-06-12T10:00:00-05:00,10,0.49,0.52,2025-05-20T10:28:43.566527542-05:00
1NDKAHHDZ1800,GTM_0525_1.16,2025-06-12T10:00:00-05:00,10,0.48,0.53,2025-05-20T10:28:44.094359948-05:00
1NDKAHMKQ1800,GTM_0525_1.16,2025-06-12T10:00:00-05:00,10,0.47,0.54,2025-05-20T10:28:44.621249372-05:00
1NDKAN92K1800,GTM_0525_1.16,2025-06-12T10:00:00-05:00,10,0.44,0.57,2025-05-20T10:29:39.691372022-05:00
1NDKANARZ1800,GTM_0525_1.16,2025-06-12T10:00:00-05:00,10,0.43,0.58,2025-05-20T10:29:40.219009616-05:00
1NDKANDMZ1800,GTM_0525_1.16,2025-06-12T10:00:00-05:00,10,0.42,0.59,2025-05-20T10:29:40.7469475-05:00
1NDKANH631801,GTM_0525_1.16,2025-06-12T10:00:00-05:00,10,0.41,0.60,2025-05-20T10:29:41.274494222-05:00
1NDKAVBTV1801,GTM_0525_1.16,2025-06-12T10:00:00-05:00,10,0.39,0.62,2025-05-20T10:30:32.437192396-05:00
1NDKB35JZ1800,CAGDP_Q125_0.6,2025-05-30T07:30:00-05:00,10,0.33,0.68,2025-05-20T10:32:32.275077671-05:00
1NDKB35MV1800,CAGDP_Q125_0.6,2025-05-30T07:30:00-05:00,10,0.32,0.69,2025-05-20T10:32:32.566163777-05:00
1NDKBDE0V1800,CPIC_0525_2.8,2025-06-11T07:30:00-05:00,6,0.71,0.30,2025-05-20T10:34:11.137489882-05:00
1NDKBDEQK1800,CPIC_0525_2.8,2025-06-11T07:30:00-05:00,10,0.71,0.30,2025-05-20T10:34:11.137489882-05:00
1NDKBDJZZ1800,CPIC_0525_2.8,2025-06-11T07:30:00-05:00,4,0.72,0.29,2025-05-20T10:34:11.667917571-05:00
1NDKBHFRQ1800,CPIC_0525_2.9,2025-06-11T07:30:00-05:00,10,0.33,0.68,2025-05-20T10:34:58.960917525-05:00
1NDKBHHA71800,CPIC_0525_2.9,2025-06-11T07:30:00-05:00,10,0.34,0.67,2025-05-20T10:34:59.489057941-05:00
1NDKBHKEV1800,CPIC_0525_2.9,2025-06-11T07:30:00-05:00,10,0.35,0.66,2025-05-20T10:35:00.022037539-05:00
1NDKBHXTZ1800,CPIC_0525_2.9,2025-06-11T07:30:00-05:00,10,0.36,0.65,2025-05-20T10:35:00.550226905-05:00
1NDKBJ5AQ1800,CPIC_0525_2.9,2025-06-11T07:30:00-05:00,10,0.37,0.64,2025-05-20T10:35:01.079299163-05:00
1NDKBWTNK1802,CPIY_0525_2.3,2025-06-11T07:30:00-05:00,10,0.79,0.22,2025-05-20T10:37:11.379217911-05:00
1NDKBWVA71801,CPIY_0525_2.3,2025-06-11T07:30:00-05:00,10,0.80,0.21,2025-05-20T10:37:11.907004561-05:00
1NDKBWVS31803,CPIY_0525_2.3,2025-06-11T07:30:00-05:00,10,0.81,0.20,2025-05-20T10:37:12.440100795-05:00
1NDKBWWE31801,CPIY_0525_2.3,2025-06-11T07:30:00-05:00,10,0.82,0.19,2025-05-20T10:37:12.970667423-05:00
1NDKC0GP31802,CPIY_0525_2.6,2025-06-11T07:30:00-05:00,10,0.17,0.84,2025-05-20T10:38:12.053141573-05:00
1NDKC0K6B1800,CPIY_0525_2.6,2025-06-11T07:30:00-05:00,10,0.16,0.85,2025-05-20T10:38:12.581024285-05:00
1NDKC0MBB1800,CPIY_0525_2.6,2025-06-11T07:30:00-05:00,10,0.15,0.86,2025-05-20T10:38:13.109232499-05:00
1NDKC7S4F1800,CPIY_0625_2.4,2025-07-15T07:30:00-05:00,9,0.80,0.21,2025-05-20T10:39:08.609502329-05:00
1NDKC7TW31800,CPIY_0625_2.4,2025-07-15T07:30:00-05:00,10,0.81,0.20,2025-05-20T10:39:09.140795775-05:00
1NDKC82YV1800,CPIY_0625_2.4,2025-07-15T07:30:00-05:00,10,0.82,0.19,2025-05-20T10:39:09.668715648-05:00
1NDKC84XQ1800,CPIY_0625_2.4,2025-07-15T07:30:00-05:00,10,0.83,0.18,2025-05-20T10:39:10.197432293-05:00
1NDKC8A8B1800,CPIY_0625_2.4,2025-07-15T07:30:00-05:00,10,0.84,0.17,2025-05-20T10:39:10.725229056-05:00
1NDKCD9AB1800,CPIY_0625_2.4,2025-07-15T07:30:00-05:00,1,0.87,0.14,2025-05-20T10:39:38.904884902-05:00
1NDKCDPVQ1800,CPIY_0625_2.4,2025-07-15T07:30:00-05:00,10,0.84,0.17,2025-05-20T10:39:43.929228799-05:00
1NDKCEGH31800,FES_052025_5900,2025-05-21T10:00:00-05:00,700,0.99,0.02,2025-05-20T10:39:51.125376108-05:00
1NDKCFBHQ1800,CPIY_0625_2.4,2025-07-15T07:30:00-05:00,10,0.83,0.18,2025-05-20T10:39:57.736694739-05:00
1NDKCJSPQ1800,CPIY_0625_2.6,2025-07-15T07:30:00-05:00,10,0.53,0.48,2025-05-20T10:40:21.255246295-05:00
1NDKCJVFZ1800,CPIY_0625_2.6,2025-07-15T07:30:00-05:00,10,0.54,0.47,2025-05-20T10:40:21.783593195-05:00
1NDKCJWGF1803,CPIY_0625_2.6,2025-07-15T07:30:00-05:00,10,0.55,0.46,2025-05-20T10:40:22.312427546-05:00
1NDKCJXCQ1800,CPIY_0625_2.6,2025-07-15T07:30:00-05:00,10,0.56,0.45,2025-05-20T10:40:22.840454775-05:00
1NDKCJYHK1802,CPIY_0625_2.6,2025-07-15T07:30:00-05:00,10,0.57,0.44,2025-05-20T10:40:23.369641328-05:00
1NDKCQJ4V1800,CPIY_0625_2.6,2025-07-15T07:30:00-05:00,10,0.58,0.43,2025-05-20T10:41:09.015317059-05:00
1NDKCQT5Q1800,CPIY_0625_2.6,2025-07-15T07:30:00-05:00,10,0.59,0.42,2025-05-20T10:41:09.544537643-05:00
1NDKCQW2B1801,CPIY_0625_2.6,2025-07-15T07:30:00-05:00,10,0.60,0.41,2025-05-20T10:41:10.072639631-05:00
1NDKCR0YV1800,CPIY_0625_2.6,2025-07-15T07:30:00-05:00,10,0.61,0.40,2025-05-20T10:41:10.599968479-05:00
1NDKCR2VV1800,CPIY_0625_2.6,2025-07-15T07:30:00-05:00,10,0.62,0.39,2025-05-20T10:41:11.128372529-05:00
1NDKD255Z1800,CPIY_0625_3.4,2025-07-15T07:30:00-05:00,10,0.19,0.82,2025-05-20T10:42:31.175712543-05:00
1NDKD27K71800,CPIY_0625_3.4,2025-07-15T07:30:00-05:00,10,0.18,0.83,2025-05-20T10:42:31.703221296-05:00
1NDKD2DVV1800,CPIY_0625_3.4,2025-07-15T07:30:00-05:00,10,0.17,0.84,2025-05-20T10:42:32.23108101-05:00
1NDKD2DWQ1802,CPIY_0625_3.4,2025-07-15T07:30:00-05:00,10,0.15,0.86,2025-05-20T10:42:32.59855581-05:00
1NDKD3NG71800,CPIY_0625_3.4,2025-07-15T07:30:00-05:00,10,0.14,0.87,2025-05-20T10:42:40.33051822-05:00
1NDKD5REB1800,PCD_0828_Newsome,2028-09-01T08:00:00-05:00,10,0.13,0.88,2025-05-20T10:42:59.762815927-05:00
1NDKD5RY31800,PCD_0828_Newsome,2028-09-01T08:00:00-05:00,10,0.12,0.89,2025-05-20T10:43:00.291162455-05:00
1NDKD8YQ71801,CPIY_0625_3.2,2025-07-15T07:30:00-05:00,10,0.23,0.78,2025-05-20T10:43:19.388659492-05:00
1NDKD91AQ1800,CPIY_0625_3.2,2025-07-15T07:30:00-05:00,10,0.22,0.79,2025-05-20T10:43:19.916585509-05:00
1NDKD91DZ1800,CPIY_0625_3.2,2025-07-15T07:30:00-05:00,10,0.21,0.80,2025-05-20T10:43:20.445308168-05:00
1NDKD93BK1800,CPIY_0625_3.2,2025-07-15T07:30:00-05:00,10,0.20,0.81,2025-05-20T10:43:20.973111724-05:00
1NDKD97YK1800,CPIY_0625_3.2,2025-07-15T07:30:00-05:00,10,0.19,0.82,2025-05-20T10:43:21.501186011-05:00
1NDKDC0MF1800,CPIY_0625_3.4,2025-07-15T07:30:00-05:00,10,0.16,0.85,2025-05-20T10:43:45.025076535-05:00
1NDKDCB6F1800,SENM_1126_Republican,2027-01-04T09:00:00-06:00,9,0.70,0.31,2025-05-20T10:43:51.645254564-05:00
1NDKDQFA71801,FF_061925_4.375,2025-06-18T13:00:00-05:00,10,0.04,0.97,2025-05-20T10:45:02.080711037-05:00
1NDKE0P071800,FF_073125_4.375,2025-07-30T13:00:00-05:00,10,0.07,0.94,2025-05-20T10:46:05.691719691-05:00
1NDKEMTHV1800,FES_052225_6000,2025-05-23T10:00:00-05:00,90,0.31,0.70,2025-05-20T10:48:34.655733075-05:00
1NDKETTG71802,FES_052025_5950,2025-05-21T10:00:00-05:00,100,0.68,0.33,2025-05-20T10:49:09.329314152-05:00
1NDKF3S7Q1802,FES_052025_5900,2025-05-21T10:00:00-05:00,2000,0.99,0.02,2025-05-20T10:50:09.464057747-05:00
1NDKFM54Q1800,UNR_0525_4,2025-06-06T07:30:00-05:00,10,0.93,0.08,2025-05-20T10:52:48.725460903-05:00
1NDKH173B1800,FF_073125_4.125,2025-07-30T13:00:00-05:00,90,0.81,0.20,2025-05-20T10:59:44.772685444-05:00
1NDKH1KQZ1800,FF_073125_4.125,2025-07-30T13:00:00-05:00,200,0.82,0.19,2025-05-20T10:59:48.974647181-05:00
1NDKH2BB71800,FF_073125_4.125,2025-07-30T13:00:00-05:00,98,0.83,0.18,2025-05-20T10:59:54.10578097-05:00
1NDKH2BEF1800,FF_073125_4.125,2025-07-30T13:00:00-05:00,300,0.83,0.18,2025-05-20T10:59:54.10578097-05:00
1NDKH2BWK1800,FF_073125_4.125,2025-07-30T13:00:00-05:00,10,0.83,0.18,2025-05-20T10:59:54.10578097-05:00
1NDKH345Z1805,FF_073125_4.125,2025-07-30T13:00:00-05:00,200,0.84,0.17,2025-05-20T10:59:59.450028644-05:00
1NDKH346K1800,FF_073125_4.125,2025-07-30T13:00:00-05:00,10,0.84,0.17,2025-05-20T10:59:59.450028644-05:00
1NDKHWE9F1802,MSATG_050325_Jones,2025-05-21T16:59:59-05:00,10,0.94,0.07,2025-05-20T11:03:09.957405328-05:00
1NDKJKF331800,RGDP_Q125_-1,2025-06-26T07:30:00-05:00,10,0.87,0.14,2025-05-20T11:06:26.738205263-05:00
1NDKJKKH71802,RGDP_Q125_-1,2025-06-26T07:30:00-05:00,10,0.88,0.13,2025-05-20T11:06:27.266988652-05:00
1NDKJKN9V1800,RGDP_Q125_-1,2025-06-26T07:30:00-05:00,10,0.89,0.12,2025-05-20T11:06:27.796351422-05:00
1NDKJV5P31800,RGDP_Q125_-0.5,2025-06-26T07:30:00-05:00,10,0.75,0.26,2025-05-20T11:07:02.078912688-05:00
1NDKJVAWF1800,RGDP_Q125_-0.5,2025-06-26T07:30:00-05:00,10,0.76,0.25,2025-05-20T11:07:02.607389309-05:00
1NDKN5FHQ1800,FF_073125_3.625,2025-07-30T13:00:00-05:00,10,0.93,0.08,2025-05-20T11:17:57.877504378-05:00
1NDKTGJ071800,FYM_052125_43200,2025-05-22T10:00:00-05:00,100,0.13,0.88,2025-05-20T11:48:33.805829857-05:00
1NDKV9MNF1800,FNQ_052025_21400,2025-05-21T10:00:00-05:00,400,0.76,0.25,2025-05-20T11:53:44.252371893-05:00
1NDKW469K1800,CPIC_0525_2.8,2025-06-11T07:30:00-05:00,10,0.72,0.29,2025-05-20T11:58:19.098888966-05:00
1NDKXEYNQ1804,USIP_0525_-1.5,2025-06-17T07:15:00-05:00,10,0.93,0.08,2025-05-20T12:05:29.079569146-05:00
1NDKXF4QQ1800,USIP_0525_-1.5,2025-06-17T07:15:00-05:00,10,0.94,0.07,2025-05-20T12:05:29.607966314-05:00
1NDKXH3AV1801,USIP_0525_-1.0,2025-06-17T07:15:00-05:00,10,0.89,0.12,2025-05-20T12:05:51.258535496-05:00
1NDKXH3WQ1800,USIP_0525_-1.0,2025-06-17T07:15:00-05:00,10,0.90,0.11,2025-05-20T12:05:51.78724996-05:00
1NDKXH5A31800,USIP_0525_-1.0,2025-06-17T07:15:00-05:00,10,0.91,0.10,2025-05-20T12:05:52.315880673-05:00
1NDKXH75Q1800,USIP_0525_-1.0,2025-06-17T07:15:00-05:00,10,0.92,0.09,2025-05-20T12:05:52.848004967-05:00
1NDKXJVFK1800,USIP_0525_0.0,2025-06-17T07:15:00-05:00,10,0.74,0.27,2025-05-20T12:06:18.022456321-05:00
1NDKXJW3V1802,USIP_0525_0.0,2025-06-17T07:15:00-05:00,10,0.75,0.26,2025-05-20T12:06:18.863756569-05:00
1NDKXJW571800,USIP_0525_0.0,2025-06-17T07:15:00-05:00,10,0.76,0.25,2025-05-20T12:06:19.392784459-05:00
1NDKXJW6Z1800,USIP_0525_0.0,2025-06-17T07:15:00-05:00,10,0.77,0.24,2025-05-20T12:06:19.921933129-05:00
1NDKXJW7Z1800,USIP_0525_0.0,2025-06-17T07:15:00-05:00,10,0.78,0.23,2025-05-20T12:06:20.450769958-05:00
1NDKXJYD71800,USIP_0525_0.0,2025-06-17T07:15:00-05:00,10,0.79,0.22,2025-05-20T12:06:20.98043165-05:00
1NDKXJZBZ1800,USIP_0525_0.0,2025-06-17T07:15:00-05:00,10,0.80,0.21,2025-05-20T12:06:21.508770196-05:00
1NDKXN2931800,USIP_0525_0.5,2025-06-17T07:15:00-05:00,10,0.65,0.36,2025-05-20T12:06:48.777543056-05:00
1NDKXN84Z1800,USIP_0525_0.5,2025-06-17T07:15:00-05:00,10,0.66,0.35,2025-05-20T12:06:49.307644143-05:00
1NDKXN92F1800,USIP_0525_0.5,2025-06-17T07:15:00-05:00,10,0.67,0.34,2025-05-20T12:06:49.836191564-05:00
1NDKXNATQ1800,USIP_0525_0.5,2025-06-17T07:15:00-05:00,10,0.68,0.33,2025-05-20T12:06:50.364156313-05:00
1NDKY10DV1801,MNYCD_062425_Cuomo,2025-07-28T16:59:59-05:00,68,0.92,0.09,2025-05-20T12:09:06.62560208-05:00
1NDKZ70PZ1800,ND_0925_38.0,2025-10-01T14:00:00-05:00,10,0.66,0.35,2025-05-20T12:15:42.334747435-05:00
1NDKZKEBK1800,USR_0625_0,2025-09-25T07:30:00-05:00,36,0.15,0.86,2025-05-20T12:17:45.876406673-05:00
1NDKZWWSQ1800,FNQ_052025_21400,2025-05-21T10:00:00-05:00,100,0.77,0.24,2025-05-20T12:19:15.217677379-05:00
1NDM0JJ931801,HORC_1126_Democratic,2027-01-04T09:00:00-06:00,1,0.63,0.38,2025-05-20T12:21:42.948582335-05:00
1NDM0SRVQ1800,HKCPI_0425_1.8,2025-05-22T02:30:00-05:00,10,0.50,0.51,2025-05-20T12:23:15.171275903-05:00
1NDM0ZTQK1800,HKCPI_0425_1.8,2025-05-22T02:30:00-05:00,10,0.49,0.52,2025-05-20T12:24:03.98138195-05:00
1NDM1GZRZ1800,HKCPI_0425_1.8,2025-05-22T02:30:00-05:00,10,0.48,0.53,2025-05-20T12:26:30.173620886-05:00
1NDM258QZ1802,HKCPI_0425_1.8,2025-05-22T02:30:00-05:00,10,0.47,0.54,2025-05-20T12:29:39.577572307-05:00
1NDM554VV1800,FF_073125_3.625,2025-07-30T13:00:00-05:00,14,0.91,0.10,2025-05-20T12:36:39.781614262-05:00
1NDM6C00B1800,FES_052025_5950,2025-05-21T10:00:00-05:00,100,0.78,0.23,2025-05-20T12:39:30.571484485-05:00
1NDM6S1831800,RGDP_Q125_0,2025-06-26T07:30:00-05:00,100,0.40,0.61,2025-05-20T12:40:35.875731763-05:00
1NDMC26V31800,HKCPI_0425_1.8,2025-05-22T02:30:00-05:00,10,0.46,0.55,2025-05-20T12:56:48.303072635-05:00
1NDMCF5YV1801,FF_073125_3.375,2025-07-30T13:00:00-05:00,100,0.95,0.06,2025-05-20T12:58:35.379370995-05:00
1NDMD2AR31800,FYM_052025_42600,2025-05-21T10:00:00-05:00,5000,0.85,0.16,2025-05-20T13:01:11.122335403-05:00
1NDMDEWB31800,FYM_052025_42800,2025-05-21T10:00:00-05:00,300,0.51,0.50,2025-05-20T13:05:42.367280954-05:00
1NDMEGENK1802,HKCPI_0425_2.3,2025-05-22T02:30:00-05:00,10,0.08,0.93,2025-05-20T13:16:07.324394306-05:00
1NDMEGVZF1800,HKCPI_0425_2.3,2025-05-22T02:30:00-05:00,10,0.07,0.94,2025-05-20T13:16:11.650066197-05:00
1NDMEHAW71802,HKCPI_0425_2.3,2025-05-22T02:30:00-05:00,10,0.06,0.95,2025-05-20T13:16:15.398167163-05:00
1NDMEJDYF1800,HKCPI_0425_1.8,2025-05-22T02:30:00-05:00,10,0.45,0.56,2025-05-20T13:16:21.588472113-05:00
1NDMEKF4V1800,HKCPI_0425_1.8,2025-05-22T02:30:00-05:00,10,0.44,0.57,2025-05-20T13:16:25.615449239-05:00
1NDMEMB8B1800,HKCPI_0425_1.8,2025-05-22T02:30:00-05:00,10,0.43,0.58,2025-05-20T13:16:30.097740076-05:00
1NDMEMVT71800,HKCPI_0425_1.8,2025-05-22T02:30:00-05:00,10,0.42,0.59,2025-05-20T13:16:35.367385096-05:00
1NDMENR1Q1800,HKCPI_0425_1.8,2025-05-22T02:30:00-05:00,10,0.41,0.60,2025-05-20T13:16:43.421281023-05:00
1NDMEP8Z71800,HKCPI_0425_1.8,2025-05-22T02:30:00-05:00,10,0.40,0.61,2025-05-20T13:16:47.674753517-05:00
1NDMEPGFV1802,HKCPI_0425_1.8,2025-05-22T02:30:00-05:00,10,0.39,0.62,2025-05-20T13:16:51.734276379-05:00
1NDMEPY731802,FYM_052125_43200,2025-05-22T10:00:00-05:00,1,0.10,0.91,2025-05-20T13:16:54.081859572-05:00
1NDMEQYNK1800,HKCPI_0425_1.8,2025-05-22T02:30:00-05:00,10,0.38,0.63,2025-05-20T13:16:56.980076769-05:00
1NDMESW1V1800,HKCPI_0425_1.8,2025-05-22T02:30:00-05:00,10,0.37,0.64,2025-05-20T13:17:08.361124172-05:00
1NDMETVNZ1800,HKCPI_0425_1.8,2025-05-22T02:30:00-05:00,10,0.36,0.65,2025-05-20T13:17:13.391954194-05:00
1NDMMZR4Q1801,FNQ_052025_21400,2025-05-21T10:00:00-05:00,200,0.23,0.78,2025-05-20T13:29:24.955450251-05:00
1NDMQ7FZZ1800,FNQ_052025_21400,2025-05-21T10:00:00-05:00,100,0.30,0.71,2025-05-20T13:32:12.301297559-05:00
1NDMQXR971800,FYM_052025_42400,2025-05-21T10:00:00-05:00,1,0.88,0.13,2025-05-20T13:33:46.073099549-05:00
1NDMRH4XZ1800,FYM_052025_42600,2025-05-21T10:00:00-05:00,1000,0.62,0.39,2025-05-20T13:37:42.052576344-05:00
1NDMSRY0F1802,FYM_052025_42600,2025-05-21T10:00:00-05:00,1000,0.58,0.43,2025-05-20T13:43:31.940570467-05:00
1NDMSXK6B1800,MSATG_050325_Jones,2025-05-21T16:59:59-05:00,10,0.95,0.06,2025-05-20T13:44:25.133223198-05:00
1NDMSXZJZ1800,MSATG_050325_Jones,2025-05-21T16:59:59-05:00,10,0.96,0.05,2025-05-20T13:44:31.322457444-05:00
1NDMSY6EB1800,MSATG_050325_Jones,2025-05-21T16:59:59-05:00,10,0.97,0.04,2025-05-20T13:44:36.494274218-05:00
1NDMTTPCK1800,UNR_0525_4.4,2025-06-06T07:30:00-05:00,10,0.09,0.92,2025-05-20T13:51:24.065865506-05:00
1NDMV621K1800,FES_052025_5950,2025-05-21T10:00:00-05:00,50,0.27,0.74,2025-05-20T13:53:22.67596948-05:00
1NDMVP03Z1800,FYM_052025_42800,2025-05-21T10:00:00-05:00,1000,0.19,0.82,2025-05-20T13:56:26.056012231-05:00
1NDMVTYK71800,FES_052025_5950,2025-05-21T10:00:00-05:00,50,0.27,0.74,2025-05-20T13:57:30.449783484-05:00
1NDMW01X71802,EZUNR_0425_6.5,2025-06-03T04:00:00-05:00,5,0.02,0.99,2025-05-20T13:58:26.524003139-05:00
1NDMW099K1800,CPIC_0525_2.8,2025-06-11T07:30:00-05:00,23,0.71,0.30,2025-05-20T13:58:30.229729947-05:00
1NDMW0N331801,CPIC_0525_2.8,2025-06-11T07:30:00-05:00,77,0.71,0.30,2025-05-20T13:58:36.181855204-05:00
1NDMWAMDB1802,CPIC_0525_2.8,2025-06-11T07:30:00-05:00,20,0.72,0.29,2025-05-20T14:00:03.348857148-05:00
1NDMWDP5Z1801,FNQ_063025_21600,2025-07-01T10:00:00-05:00,1100,0.56,0.45,2025-05-20T14:00:13.909302885-05:00
1NDMWQGVV1800,CPIC_0525_2.8,2025-06-11T07:30:00-05:00,3,0.72,0.29,2025-05-20T14:01:08.283573091-05:00
1NDMWV9H31800,IJC_051725_210000,2025-05-22T07:30:00-05:00,10,0.86,0.15,2025-05-20T14:01:36.048137605-05:00
1NDMWVB9K1800,IJC_051725_220000,2025-05-22T07:30:00-05:00,10,0.62,0.39,2025-05-20T14:01:36.41388132-05:00
1NDMWVBDB1800,IJC_051725_240000,2025-05-22T07:30:00-05:00,10,0.15,0.86,2025-05-20T14:01:36.866406935-05:00
1NDMWVKAB1800,IJC_051725_230000,2025-05-22T07:30:00-05:00,10,0.26,0.75,2025-05-20T14:01:37.708188784-05:00
1NDMWVWTF1802,IJC_051725_210000,2025-05-22T07:30:00-05:00,10,0.87,0.14,2025-05-20T14:01:41.216838964-05:00
1NDMWVZWV1800,IJC_051725_220000,2025-05-22T07:30:00-05:00,10,0.63,0.38,2025-05-20T14:01:42.365828868-05:00
1NDMWW17K1800,IJC_051725_240000,2025-05-22T07:30:00-05:00,10,0.16,0.85,2025-05-20T14:01:42.632297857-05:00
1NDMWW59K1800,IJC_051725_230000,2025-05-22T07:30:00-05:00,10,0.28,0.73,2025-05-20T14:01:43.472101929-05:00
1NDMWW95Z1800,IJC_051725_210000,2025-05-22T07:30:00-05:00,10,0.88,0.13,2025-05-20T14:01:45.289669854-05:00
1NDMWWB2F1800,IJC_051725_220000,2025-05-22T07:30:00-05:00,10,0.64,0.37,2025-05-20T14:01:46.355588612-05:00
1NDMWWENK1800,IJC_051725_230000,2025-05-22T07:30:00-05:00,10,0.29,0.72,2025-05-20T14:01:47.849683924-05:00
1NDMWWM6K1800,IJC_051725_210000,2025-05-22T07:30:00-05:00,10,0.89,0.12,2025-05-20T14:01:50.314324656-05:00
1NDMWWPQF1800,IJC_051725_220000,2025-05-22T07:30:00-05:00,10,0.65,0.36,2025-05-20T14:01:50.751637543-05:00
1NDMWWXBV1800,IJC_051725_230000,2025-05-22T07:30:00-05:00,10,0.31,0.70,2025-05-20T14:01:51.815589444-05:00
1NDMWXB5V1802,IJC_051725_220000,2025-05-22T07:30:00-05:00,10,0.66,0.35,2025-05-20T14:01:56.257566825-05:00
1NDMWXBXQ1800,IJC_051725_230000,2025-05-22T07:30:00-05:00,10,0.32,0.69,2025-05-20T14:01:56.456278486-05:00
1NDMWXKZK1800,IJC_051725_220000,2025-05-22T07:30:00-05:00,10,0.67,0.34,2025-05-20T14:01:59.77863604-05:00
1NDMWXQKK1800,IJC_051725_230000,2025-05-22T07:30:00-05:00,10,0.33,0.68,2025-05-20T14:02:02.193123546-05:00
1NDMWXV8Q1801,IJC_051725_220000,2025-05-22T07:30:00-05:00,10,0.68,0.33,2025-05-20T14:02:03.810918523-05:00
1NDMWXYAF1800,IJC_051725_230000,2025-05-22T07:30:00-05:00,10,0.34,0.67,2025-05-20T14:02:07.281921438-05:00
1NDMWY36Z1802,IJC_051725_220000,2025-05-22T07:30:00-05:00,10,0.69,0.32,2025-05-20T14:02:08.227643071-05:00
1NDMWYG3B1800,IJC_051725_230000,2025-05-22T07:30:00-05:00,10,0.35,0.66,2025-05-20T14:02:11.147853696-05:00
1NDMWYJPV1800,IJC_051725_220000,2025-05-22T07:30:00-05:00,10,0.70,0.31,2025-05-20T14:02:12.156343047-05:00
1NDMWZAHQ1800,IJC_051725_230000,2025-05-22T07:30:00-05:00,10,0.36,0.65,2025-05-20T14:02:16.84443943-05:00
1NDMWZB9K1800,IJC_051725_220000,2025-05-22T07:30:00-05:00,10,0.71,0.30,2025-05-20T14:02:16.877739578-05:00
1NDMWZJKQ1800,IJC_051725_230000,2025-05-22T07:30:00-05:00,10,0.37,0.64,2025-05-20T14:02:20.090147645-05:00
1NDMWZR0K1800,IJC_051725_220000,2025-05-22T07:30:00-05:00,10,0.72,0.29,2025-05-20T14:02:21.595543857-05:00
1NDMX04771803,IJC_051725_230000,2025-05-22T07:30:00-05:00,10,0.38,0.63,2025-05-20T14:02:25.986279022-05:00
1NDMX04EQ1800,IJC_051725_220000,2025-05-22T07:30:00-05:00,10,0.73,0.28,2025-05-20T14:02:26.02200867-05:00
1NDMX0FBV1800,IJC_051725_230000,2025-05-22T07:30:00-05:00,10,0.39,0.62,2025-05-20T14:02:29.501683329-05:00
1NDMX0H1Z1805,IJC_051725_220000,2025-05-22T07:30:00-05:00,10,0.74,0.27,2025-05-20T14:02:30.201381856-05:00
1NDMX0SQK1800,IJC_051725_230000,2025-05-22T07:30:00-05:00,10,0.40,0.61,2025-05-20T14:02:33.903444679-05:00
1NDMX147V1800,IJC_051725_230000,2025-05-22T07:30:00-05:00,10,0.41,0.60,2025-05-20T14:02:38.433447368-05:00
1NDMX1ZH71800,IJC_051725_230000,2025-05-22T07:30:00-05:00,10,0.42,0.59,2025-05-20T14:02:42.662398893-05:00
1NDMX2PMB1800,IJC_051725_230000,2025-05-22T07:30:00-05:00,10,0.43,0.58,2025-05-20T14:02:48.06637329-05:00
1NDMXASFZ1801,FYM_052025_42600,2025-05-21T10:00:00-05:00,1001,0.52,0.49,2025-05-20T14:03:55.396935619-05:00
1NDMXGX4F1800,PCEY_0925_1.1,2025-10-31T07:30:00-05:00,10,0.93,0.08,2025-05-20T14:04:28.352074581-05:00
1NDMXPVWB1800,IJC_052425_210000,2025-05-29T07:30:00-05:00,10,0.77,0.24,2025-05-20T14:05:02.772518327-05:00
1NDMXQH1F1800,IJC_052425_220000,2025-05-29T07:30:00-05:00,10,0.54,0.47,2025-05-20T14:05:05.236721207-05:00
1NDMXQH1Z1800,IJC_052425_230000,2025-05-29T07:30:00-05:00,10,0.29,0.72,2025-05-20T14:05:05.255603915-05:00
1NDMXQH271802,IJC_052425_240000,2025-05-29T07:30:00-05:00,10,0.16,0.85,2025-05-20T14:05:05.2597564-05:00
1NDMXQZ3Z1800,IJC_052425_240000,2025-05-29T07:30:00-05:00,10,0.17,0.84,2025-05-20T14:05:08.265219717-05:00
1NDMXQZBF1800,IJC_052425_230000,2025-05-29T07:30:00-05:00,10,0.30,0.71,2025-05-20T14:05:08.29949796-05:00
1NDMXR4071800,IJC_052425_220000,2025-05-29T07:30:00-05:00,10,0.55,0.46,2025-05-20T14:05:08.970553286-05:00
1NDMXR44B1800,IJC_052425_210000,2025-05-29T07:30:00-05:00,10,0.78,0.23,2025-05-20T14:05:09.003816005-05:00
1NDMXRZ7Q1800,IJC_052425_230000,2025-05-29T07:30:00-05:00,10,0.31,0.70,2025-05-20T14:05:12.624875756-05:00
1NDMXS4E31800,IJC_052425_210000,2025-05-29T07:30:00-05:00,10,0.79,0.22,2025-05-20T14:05:12.999118458-05:00
1NDMXS5KQ1800,IJC_052425_240000,2025-05-29T07:30:00-05:00,10,0.18,0.83,2025-05-20T14:05:13.031445963-05:00
1NDMXS9Y31800,IJC_052425_220000,2025-05-29T07:30:00-05:00,10,0.56,0.45,2025-05-20T14:05:13.16431717-05:00
1NDMXT80K1800,IJC_052425_230000,2025-05-29T07:30:00-05:00,10,0.32,0.69,2025-05-20T14:05:17.078041-05:00
1NDMXT9V71800,IJC_052425_220000,2025-05-29T07:30:00-05:00,10,0.57,0.44,2025-05-20T14:05:17.464296385-05:00
1NDMXTEGV1800,IJC_052425_240000,2025-05-29T07:30:00-05:00,10,0.19,0.82,2025-05-20T14:05:18.160061438-05:00
1NDMXTF6Q1800,IJC_052425_210000,2025-05-29T07:30:00-05:00,10,0.80,0.21,2025-05-20T14:05:18.192256684-05:00
1NDMXTWE71800,IJC_052425_230000,2025-05-29T07:30:00-05:00,10,0.33,0.68,2025-05-20T14:05:21.109263541-05:00
1NDMXV3EB1800,IJC_052425_220000,2025-05-29T07:30:00-05:00,10,0.58,0.43,2025-05-20T14:05:21.810518754-05:00
1NDMXV8BB1800,FNQ_063025_21600,2025-07-01T10:00:00-05:00,2100,0.55,0.46,2025-05-20T14:05:22.729966681-05:00
1NDMXVG8V1800,IJC_052425_210000,2025-05-29T07:30:00-05:00,10,0.81,0.20,2025-05-20T14:05:23.765000139-05:00
1NDMXW00Q1800,IJC_052425_230000,2025-05-29T07:30:00-05:00,10,0.34,0.67,2025-05-20T14:05:25.800464853-05:00
1NDMXW2831800,IJC_052425_220000,2025-05-29T07:30:00-05:00,10,0.59,0.42,2025-05-20T14:05:26.751692677-05:00
1NDMXWKVZ1800,IJC_052425_210000,2025-05-29T07:30:00-05:00,10,0.82,0.19,2025-05-20T14:05:28.757269013-05:00
1NDMXWRKV1800,IJC_052425_230000,2025-05-29T07:30:00-05:00,10,0.35,0.66,2025-05-20T14:05:29.441659452-05:00
1NDMXXHXV1800,IJC_052425_220000,2025-05-29T07:30:00-05:00,10,0.60,0.41,2025-05-20T14:05:31.83268184-05:00
1NDMXY63K1800,IJC_052425_210000,2025-05-29T07:30:00-05:00,10,0.83,0.18,2025-05-20T14:05:33.787981876-05:00
1NDMXYB3K1800,IJC_052425_230000,2025-05-29T07:30:00-05:00,10,0.36,0.65,2025-05-20T14:05:34.555134991-05:00
1NDMXYMKZ1800,IJC_052425_220000,2025-05-29T07:30:00-05:00,10,0.61,0.40,2025-05-20T14:05:35.752537737-05:00
1NDMXYYPQ1801,IJC_052425_210000,2025-05-29T07:30:00-05:00,10,0.84,0.17,2025-05-20T14:05:39.098342729-05:00
1NDMXYZ031801,IJC_052425_220000,2025-05-29T07:30:00-05:00,10,0.62,0.39,2025-05-20T14:05:39.13215021-05:00
1NDMXZ1S31800,IJC_052425_230000,2025-05-29T07:30:00-05:00,10,0.37,0.64,2025-05-20T14:05:40.124873827-05:00
1NDMXZC331800,IJC_052425_220000,2025-05-29T07:30:00-05:00,10,0.63,0.38,2025-05-20T14:05:43.820782548-05:00
1NDMXZC4Q1800,IJC_052425_210000,2025-05-29T07:30:00-05:00,10,0.85,0.16,2025-05-20T14:05:43.852764453-05:00
1NDMXZC5V1800,IJC_052425_230000,2025-05-29T07:30:00-05:00,10,0.38,0.63,2025-05-20T14:05:43.946607327-05:00
1NDMY032Q1801,IJC_052425_220000,2025-05-29T07:30:00-05:00,10,0.64,0.37,2025-05-20T14:05:48.801187654-05:00
1NDMY06YZ1802,IJC_052425_210000,2025-05-29T07:30:00-05:00,10,0.86,0.15,2025-05-20T14:05:49.028333135-05:00
1NDMY074K1800,IJC_052425_230000,2025-05-29T07:30:00-05:00,10,0.39,0.62,2025-05-20T14:05:49.06051244-05:00
1NDMY0VHK1800,IJC_052425_220000,2025-05-29T07:30:00-05:00,10,0.63,0.38,2025-05-20T14:05:52.708269558-05:00
1NDMY145Z1800,IJC_052425_230000,2025-05-29T07:30:00-05:00,10,0.40,0.61,2025-05-20T14:05:54.088723644-05:00
1NDMY1C5V1800,IJC_052425_220000,2025-05-29T07:30:00-05:00,10,0.64,0.37,2025-05-20T14:05:56.832362458-05:00
1NDMY1PN71800,IJC_052425_230000,2025-05-29T07:30:00-05:00,10,0.41,0.60,2025-05-20T14:05:58.240122386-05:00
1NDMY23AQ1800,IJC_052425_220000,2025-05-29T07:30:00-05:00,10,0.65,0.36,2025-05-20T14:06:01.13026286-05:00
1NDMY2DVQ1800,IJC_052425_230000,2025-05-29T07:30:00-05:00,10,0.42,0.59,2025-05-20T14:06:03.489886427-05:00
1NDMY2PFF1800,IJC_052425_220000,2025-05-29T07:30:00-05:00,10,0.66,0.35,2025-05-20T14:06:06.008077677-05:00
1NDMY2TNB1802,IJC_052425_230000,2025-05-29T07:30:00-05:00,10,0.43,0.58,2025-05-20T14:06:07.990880853-05:00
1NDMY37QF1800,IJC_052425_220000,2025-05-29T07:30:00-05:00,10,0.67,0.34,2025-05-20T14:06:10.0586431-05:00
1NDMY3JC71802,IJC_052425_230000,2025-05-29T07:30:00-05:00,10,0.44,0.57,2025-05-20T14:06:12.398485408-05:00
1NDMY3YAF1802,IJC_052425_220000,2025-05-29T07:30:00-05:00,10,0.68,0.33,2025-05-20T14:06:14.468182201-05:00
1NDMY4S3Q1800,IJC_052425_220000,2025-05-29T07:30:00-05:00,10,0.69,0.32,2025-05-20T14:06:19.832495153-05:00
1NDMY6J2K1800,CP_Q125_0.9,2025-05-29T07:30:00-05:00,80,0.86,0.15,2025-05-20T14:06:26.810417597-05:00
1NDMYBABB1800,FYM_052025_42400,2025-05-21T10:00:00-05:00,500,0.87,0.14,2025-05-20T14:06:47.279216062-05:00
1NDMYGWY71800,FYM_052025_42800,2025-05-21T10:00:00-05:00,501,0.13,0.88,2025-05-20T14:07:19.402442108-05:00
1NDMZ4EQ31800,PCEY_0925_1.1,2025-10-31T07:30:00-05:00,10,0.93,0.08,2025-05-20T14:09:30.835060562-05:00
1NDMZ647K1800,IJC_053125_210000,2025-06-05T07:30:00-05:00,10,0.80,0.21,2025-05-20T14:09:44.489337606-05:00
1NDMZ64J31802,IJC_053125_220000,2025-06-05T07:30:00-05:00,10,0.55,0.46,2025-05-20T14:09:44.838334142-05:00
1NDMZ66031800,IJC_053125_230000,2025-06-05T07:30:00-05:00,10,0.32,0.69,2025-05-20T14:09:45.187789009-05:00
1NDMZ66AV1800,IJC_053125_260000,2025-06-05T07:30:00-05:00,10,0.11,0.90,2025-05-20T14:09:45.493765343-05:00
1NDMZ6KPB1800,IJC_053125_230000,2025-06-05T07:30:00-05:00,10,0.33,0.68,2025-05-20T14:09:49.280760791-05:00
1NDMZ6NDZ1800,IJC_053125_260000,2025-06-05T07:30:00-05:00,10,0.11,0.90,2025-05-20T14:09:49.491118346-05:00
1NDMZ6VQK1800,IJC_053125_220000,2025-06-05T07:30:00-05:00,10,0.56,0.45,2025-05-20T14:09:50.47241348-05:00
1NDMZ6W2K1801,IJC_053125_210000,2025-06-05T07:30:00-05:00,10,0.81,0.20,2025-05-20T14:09:50.505568126-05:00
1NDMZ79EF1800,IJC_053125_260000,2025-06-05T07:30:00-05:00,10,0.11,0.90,2025-05-20T14:09:53.86256896-05:00
1NDMZ7ADV1800,IJC_053125_230000,2025-06-05T07:30:00-05:00,10,0.34,0.67,2025-05-20T14:09:53.931102473-05:00
1NDMZ7E0B1803,IJC_053125_210000,2025-06-05T07:30:00-05:00,10,0.82,0.19,2025-05-20T14:09:55.067510267-05:00
1NDMZ7GFK1800,IJC_053125_220000,2025-06-05T07:30:00-05:00,10,0.57,0.44,2025-05-20T14:09:55.101526547-05:00
1NDMZ81WK1802,IJC_053125_260000,2025-06-05T07:30:00-05:00,10,0.11,0.90,2025-05-20T14:09:59.154837047-05:00
1NDMZ81ZV1800,IJC_053125_230000,2025-06-05T07:30:00-05:00,10,0.35,0.66,2025-05-20T14:09:59.434649229-05:00
1NDMZ82231800,IJC_053125_210000,2025-06-05T07:30:00-05:00,10,0.83,0.18,2025-05-20T14:09:59.466751441-05:00
1NDMZ84XB1800,IJC_053125_220000,2025-06-05T07:30:00-05:00,10,0.58,0.43,2025-05-20T14:10:01.036529527-05:00
1NDMZ889V1802,IJC_053125_260000,2025-06-05T07:30:00-05:00,10,0.11,0.90,2025-05-20T14:10:02.891783295-05:00
1NDMZ8AYV1800,IJC_053125_230000,2025-06-05T07:30:00-05:00,10,0.36,0.65,2025-05-20T14:10:04.11047602-05:00
1NDMZ8DK31801,IJC_053125_210000,2025-06-05T07:30:00-05:00,10,0.84,0.17,2025-05-20T14:10:05.42767073-05:00
1NDMZ8K071800,IJC_053125_220000,2025-06-05T07:30:00-05:00,10,0.59,0.42,2025-05-20T14:10:05.674434946-05:00
1NDMZ8SD71800,IJC_053125_230000,2025-06-05T07:30:00-05:00,10,0.37,0.64,2025-05-20T14:10:08.6804183-05:00
1NDMZ8ZN71800,IJC_053125_220000,2025-06-05T07:30:00-05:00,10,0.60,0.41,2025-05-20T14:10:10.325041099-05:00
1NDMZ9FWQ1800,IJC_053125_230000,2025-06-05T07:30:00-05:00,10,0.38,0.63,2025-05-20T14:10:12.93118791-05:00
1NDMZ9TAF1800,IJC_053125_220000,2025-06-05T07:30:00-05:00,10,0.61,0.40,2025-05-20T14:10:15.164778336-05:00
1NDMZA23Q1800,IJC_053125_230000,2025-06-05T07:30:00-05:00,10,0.39,0.62,2025-05-20T14:10:18.228725971-05:00
1NDMZA42Z1802,IJC_053125_220000,2025-06-05T07:30:00-05:00,10,0.62,0.39,2025-05-20T14:10:18.894801669-05:00
1NDMZA9G31801,IJC_053125_230000,2025-06-05T07:30:00-05:00,10,0.40,0.61,2025-05-20T14:10:21.529015836-05:00
1NDMZAJJV1800,IJC_053125_220000,2025-06-05T07:30:00-05:00,10,0.63,0.38,2025-05-20T14:10:23.036831057-05:00
1NDMZB03F1803,IJC_053125_230000,2025-06-05T07:30:00-05:00,10,0.41,0.60,2025-05-20T14:10:25.905893878-05:00
1NDMZBQZB1800,IJC_053125_220000,2025-06-05T07:30:00-05:00,10,0.64,0.37,2025-05-20T14:10:28.44288216-05:00
1NDMZBZAB1800,IJC_053125_230000,2025-06-05T07:30:00-05:00,10,0.42,0.59,2025-05-20T14:10:30.489733178-05:00
1NDMZC5SK1800,IJC_053125_220000,2025-06-05T07:30:00-05:00,10,0.65,0.36,2025-05-20T14:10:31.871646028-05:00
1NDMZCMPZ1803,IJC_053125_230000,2025-06-05T07:30:00-05:00,10,0.43,0.58,2025-05-20T14:10:35.322373388-05:00
1NDMZCT1Z1801,IJC_053125_220000,2025-06-05T07:30:00-05:00,10,0.66,0.35,2025-05-20T14:10:35.669413911-05:00
1NDMZD0CF1800,IJC_053125_230000,2025-06-05T07:30:00-05:00,10,0.44,0.57,2025-05-20T14:10:39.175942398-05:00
1NDMZD4Z71800,IJC_053125_220000,2025-06-05T07:30:00-05:00,10,0.67,0.34,2025-05-20T14:10:41.168552579-05:00
1NDMZSFGV1800,USR_0625_0,2025-09-25T07:30:00-05:00,99,0.14,0.87,2025-05-20T14:12:22.360152044-05:00
1NDMZSFH71800,USR_0625_0,2025-09-25T07:30:00-05:00,10,0.14,0.87,2025-05-20T14:12:22.360152044-05:00
1NDMZSG5B1800,USR_0625_0,2025-09-25T07:30:00-05:00,7,0.14,0.87,2025-05-20T14:12:22.360152044-05:00
1NDMZT1JV1800,IJC_053125_260000,2025-06-05T07:30:00-05:00,950,0.11,0.90,2025-05-20T14:12:25.73188847-05:00
1NDMZT1Z71800,IJC_053125_260000,2025-06-05T07:30:00-05:00,10,0.11,0.90,2025-05-20T14:12:25.73188847-05:00
1NDMZTER71800,IJC_053125_260000,2025-06-05T07:30:00-05:00,10,0.10,0.91,2025-05-20T14:12:30.216365192-05:00
1NDMZVXFQ1800,IJC_053125_260000,2025-06-05T07:30:00-05:00,11,0.09,0.92,2025-05-20T14:12:37.026443942-05:00
1NDMZVXHZ1800,IJC_053125_260000,2025-06-05T07:30:00-05:00,10,0.09,0.92,2025-05-20T14:12:37.026443942-05:00
1NDMZXH8V1802,FYM_052025_42800,2025-05-21T10:00:00-05:00,100,0.19,0.82,2025-05-20T14:12:46.247161951-05:00
1NDN0SDQK1800,FYM_052025_42800,2025-05-21T10:00:00-05:00,250,0.18,0.83,2025-05-20T14:16:22.595397521-05:00
1NDN0TY3Z1802,IJC_060725_210000,2025-06-12T07:30:00-05:00,10,0.80,0.21,2025-05-20T14:16:40.150775841-05:00
1NDN0TY4B1804,IJC_060725_220000,2025-06-12T07:30:00-05:00,10,0.55,0.46,2025-05-20T14:16:40.526142893-05:00
1NDN0TY5Q1800,IJC_060725_230000,2025-06-12T07:30:00-05:00,10,0.31,0.70,2025-05-20T14:16:40.945473842-05:00
1NDN0V13B1800,IJC_060725_240000,2025-06-12T07:30:00-05:00,10,0.18,0.83,2025-05-20T14:16:41.560546905-05:00
1NDN0V9HV1801,IJC_060725_210000,2025-06-12T07:30:00-05:00,10,0.81,0.20,2025-05-20T14:16:44.811656301-05:00
1NDN0VE2V1800,IJC_060725_220000,2025-06-12T07:30:00-05:00,10,0.56,0.45,2025-05-20T14:16:45.73073069-05:00
1NDN0VHGF1801,IJC_060725_230000,2025-06-12T07:30:00-05:00,10,0.32,0.69,2025-05-20T14:16:46.623778427-05:00
1NDN0VVQ31800,IJC_060725_210000,2025-06-12T07:30:00-05:00,10,0.82,0.19,2025-05-20T14:16:48.505420124-05:00
1NDN0W7PZ1804,IJC_060725_220000,2025-06-12T07:30:00-05:00,10,0.57,0.44,2025-05-20T14:16:50.392025567-05:00
1NDN0WKF31800,IJC_060725_230000,2025-06-12T07:30:00-05:00,10,0.34,0.67,2025-05-20T14:16:51.733445458-05:00
1NDN0WSTK1800,IJC_060725_210000,2025-06-12T07:30:00-05:00,10,0.83,0.18,2025-05-20T14:16:53.297023569-05:00
1NDN0WYMK1802,IJC_060725_220000,2025-06-12T07:30:00-05:00,10,0.58,0.43,2025-05-20T14:16:56.239493645-05:00
1NDN0WZKB1800,IJC_060725_230000,2025-06-12T07:30:00-05:00,10,0.35,0.66,2025-05-20T14:16:56.316218781-05:00
1NDN0X4VV1800,IJC_060725_210000,2025-06-12T07:30:00-05:00,10,0.84,0.17,2025-05-20T14:16:58.282004151-05:00
1NDN0XMAF1800,IJC_060725_230000,2025-06-12T07:30:00-05:00,10,0.37,0.64,2025-05-20T14:17:00.863317789-05:00
1NDN0XMCB1804,IJC_060725_220000,2025-06-12T07:30:00-05:00,10,0.57,0.44,2025-05-20T14:17:00.896663277-05:00
1NDN0Y4QV1800,IJC_060725_230000,2025-06-12T07:30:00-05:00,10,0.39,0.62,2025-05-20T14:17:05.428330342-05:00
1NDN0Y7MV1800,IJC_060725_220000,2025-06-12T07:30:00-05:00,10,0.58,0.43,2025-05-20T14:17:06.676191441-05:00
1NDN0YN631802,IJC_060725_230000,2025-06-12T07:30:00-05:00,10,0.40,0.61,2025-05-20T14:17:10.226126352-05:00
1NDN0YSJZ1800,IJC_060725_220000,2025-06-12T07:30:00-05:00,10,0.59,0.42,2025-05-20T14:17:11.346676489-05:00
1NDN0YYJB1804,IJC_060725_230000,2025-06-12T07:30:00-05:00,10,0.41,0.60,2025-05-20T14:17:14.357546832-05:00
1NDN0YZKB1800,IJC_060725_220000,2025-06-12T07:30:00-05:00,10,0.60,0.41,2025-05-20T14:17:15.104821921-05:00
1NDN0ZTCZ1800,IJC_060725_230000,2025-06-12T07:30:00-05:00,10,0.42,0.59,2025-05-20T14:17:19.535255184-05:00
1NDN0ZV971800,IJC_060725_220000,2025-06-12T07:30:00-05:00,10,0.61,0.40,2025-05-20T14:17:19.927250735-05:00
1NDN10CCF1800,IJC_060725_230000,2025-06-12T07:30:00-05:00,10,0.43,0.58,2025-05-20T14:17:24.643395322-05:00
1NDN10CPB1800,IJC_060725_220000,2025-06-12T07:30:00-05:00,10,0.62,0.39,2025-05-20T14:17:25.129462755-05:00
1NDN10WBV1800,IJC_060725_220000,2025-06-12T07:30:00-05:00,10,0.63,0.38,2025-05-20T14:17:28.885880136-05:00
1NDN1178Q1801,IJC_060725_220000,2025-06-12T07:30:00-05:00,10,0.64,0.37,2025-05-20T14:17:33.609557406-05:00
1NDN11FJB1800,IJC_060725_220000,2025-06-12T07:30:00-05:00,10,0.65,0.36,2025-05-20T14:17:38.34874515-05:00
1NDN11MHQ1800,IJC_060725_220000,2025-06-12T07:30:00-05:00,10,0.66,0.35,2025-05-20T14:17:42.523363591-05:00
1NDN11XZZ1802,IJC_060725_220000,2025-06-12T07:30:00-05:00,10,0.67,0.34,2025-05-20T14:17:46.689069141-05:00
1NDN153K31800,IJC_060725_240000,2025-06-12T07:30:00-05:00,10,0.20,0.81,2025-05-20T14:19:07.437306602-05:00
1NDN169PF1800,FYM_052025_42400,2025-05-21T10:00:00-05:00,750,0.92,0.09,2025-05-20T14:19:26.48716504-05:00
1NDN1JYJF1800,IJC_061425_180000,2025-06-18T07:30:00-05:00,10,0.93,0.08,2025-05-20T14:22:15.403218792-05:00
1NDN1JZ9Z1800,IJC_061425_190000,2025-06-18T07:30:00-05:00,10,0.90,0.11,2025-05-20T14:22:15.932534867-05:00
1NDN1K0NB1800,IJC_061425_200000,2025-06-18T07:30:00-05:00,10,0.89,0.12,2025-05-20T14:22:16.321101272-05:00
1NDN1K30F1800,IJC_061425_210000,2025-06-18T07:30:00-05:00,10,0.79,0.22,2025-05-20T14:22:16.728582743-05:00
1NDN1K3MQ1800,IJC_061425_220000,2025-06-18T07:30:00-05:00,10,0.63,0.38,2025-05-20T14:22:17.038828749-05:00
1NDN1KABF1802,IJC_061425_180000,2025-06-18T07:30:00-05:00,10,0.94,0.07,2025-05-20T14:22:20.526145151-05:00
1NDN1KBQQ1800,IJC_061425_220000,2025-06-18T07:30:00-05:00,10,0.64,0.37,2025-05-20T14:22:21.0704542-05:00
1NDN1KCHK1800,IJC_061425_210000,2025-06-18T07:30:00-05:00,10,0.80,0.21,2025-05-20T14:22:21.290564014-05:00
1NDN1KCNK1800,IJC_061425_200000,2025-06-18T07:30:00-05:00,10,0.90,0.11,2025-05-20T14:22:21.325340368-05:00
1NDN1KFTZ1800,IJC_061425_190000,2025-06-18T07:30:00-05:00,10,0.91,0.10,2025-05-20T14:22:21.921109689-05:00
1NDN1KJ2K1800,FYM_052025_42600,2025-05-21T10:00:00-05:00,10,0.69,0.32,2025-05-20T14:22:22.517404472-05:00
1NDN1KRF71800,IJC_061425_220000,2025-06-18T07:30:00-05:00,10,0.65,0.36,2025-05-20T14:22:24.848661186-05:00
1NDN1KRXV1802,IJC_061425_180000,2025-06-18T07:30:00-05:00,10,0.95,0.06,2025-05-20T14:22:24.936629079-05:00
1NDN1KVM31800,IJC_061425_210000,2025-06-18T07:30:00-05:00,10,0.81,0.20,2025-05-20T14:22:26.432722004-05:00
1NDN1M0A31802,IJC_061425_190000,2025-06-18T07:30:00-05:00,10,0.92,0.09,2025-05-20T14:22:27.273124581-05:00
1NDN1M4DK1800,IJC_061425_220000,2025-06-18T07:30:00-05:00,10,0.66,0.35,2025-05-20T14:22:29.909430738-05:00
1NDN1M6771800,IJC_061425_180000,2025-06-18T07:30:00-05:00,10,0.96,0.05,2025-05-20T14:22:29.944712983-05:00
1NDN1MAM31803,IJC_061425_210000,2025-06-18T07:30:00-05:00,10,0.82,0.19,2025-05-20T14:22:30.757221901-05:00
1NDN1MCFF1800,IJC_061425_190000,2025-06-18T07:30:00-05:00,10,0.93,0.08,2025-05-20T14:22:31.575124667-05:00
1NDN1ME9Q1800,IJC_061425_220000,2025-06-18T07:30:00-05:00,10,0.67,0.34,2025-05-20T14:22:35.053403127-05:00
1NDN1MFAV1800,IJC_061425_210000,2025-06-18T07:30:00-05:00,10,0.83,0.18,2025-05-20T14:22:35.055990076-05:00
1NDN28CD71803,FYM_052025_42400,2025-05-21T10:00:00-05:00,400,0.94,0.07,2025-05-20T14:27:41.727536392-05:00
1NDN2BKE71800,FYM_052025_42800,2025-05-21T10:00:00-05:00,4000,0.27,0.74,2025-05-20T14:28:54.602235532-05:00
1NDN2E4BK1800,FYM_052025_42800,2025-05-21T10:00:00-05:00,3000,0.24,0.77,2025-05-20T14:29:34.679107039-05:00
1NDN7VMVB1800,HORC_1126_Democratic,2027-01-04T09:00:00-06:00,1,0.63,0.38,2025-05-20T14:54:50.125112687-05:00
1NDN7WQQ71800,USR_0625_0,2025-09-25T07:30:00-05:00,3,0.14,0.87,2025-05-20T14:54:58.087929483-05:00
1NDNB30MZ1802,HORC_1126_Democratic,2027-01-04T09:00:00-06:00,1,0.63,0.38,2025-05-20T15:08:35.760019486-05:00
1NDNBAA3K1800,CAGDP_Q125_0.2,2025-05-30T07:30:00-05:00,100,0.88,0.13,2025-05-20T15:11:22.049309899-05:00
1NDNC2M6Q1800,IJC_053125_260000,2025-06-05T07:30:00-05:00,1,0.09,0.92,2025-05-20T15:37:55.602388289-05:00
1NDNC6KG31800,IJC_051725_300000,2025-05-22T07:30:00-05:00,5,0.03,0.98,2025-05-20T15:42:36.248605075-05:00
1NDNC84XB1800,RGDP_Q125_-0.5,2025-06-26T07:30:00-05:00,10,0.77,0.24,2025-05-20T15:44:35.88224271-05:00
1NDNC9Q3F1800,IJC_051725_230000,2025-05-22T07:30:00-05:00,1,0.41,0.60,2025-05-20T15:47:14.961528555-05:00
1NDNCC7BK1800,FF_073125_3.625,2025-07-30T13:00:00-05:00,1,0.90,0.11,2025-05-20T15:52:45.258056526-05:00
1NDNCCVNV1800,GTM_0725_1.36,2025-08-12T10:00:00-05:00,10,0.15,0.86,2025-05-20T15:53:53.080067502-05:00
1NDNCD5171800,GTM_0725_1.36,2025-08-12T10:00:00-05:00,10,0.13,0.88,2025-05-20T15:54:15.358616356-05:00
1NDNCED471800,GTM_0725_1.36,2025-08-12T10:00:00-05:00,10,0.13,0.88,2025-05-20T15:56:05.179643647-05:00
1NDNCFB1Z1800,GTM_0725_1.36,2025-08-12T10:00:00-05:00,10,0.12,0.89,2025-05-20T15:57:55.776025339-05:00
